Series, 名前, HP, EN, EXP, コスト, 宇宙, 空中, 地上, 水中, 攻撃, 防御, 機動, 移動, 開発先A, 開発先B, 開発先C, 開発先D, 開発先A-Level, 開発先B-Level, 開発先C-Level, 開発先D-Level
機動戦士ガンダム, アッガイ, 8800, 98, 273, 15900, ×, ×, ○, ○, 15, 13, 17, 4, ザクII, ベアッガイ, ズゴック, -, 3, 5, 5, -
機動戦士ガンダム, エルメス, 16500, 120, 471, 37200, ◎, ×, ×, ×, 24, 18, 19, 6, ジオング, キュベレイ, -, -, 4, 5, -, -
機動戦士ガンダム, ガンキャノン, 10800, 102, 327, 20800, ○, ×, ○, △, 18, 21, 15, 4, ガンダンク, ジム・キャノンII, ガンダム, -, 3, 4, 6, -
機動戦士ガンダム, ガンダム, 11000, 104, 357, 23900, ○, ×, ○, △, 20, 20, 20, 4, ジム, 陸戦型ガンダム, アレックス, ガンダム試作1号機, 2, 4, 5, 6
機動戦士ガンダム, ガンタンク, 10600, 102, 300, 18400, △, ×, ◎, ×, 18, 17, 11, 3, ガンキャノン, ロト, -, -, 5, 6, -, -
機動戦士ガンダム, ギャン, 10100, 102, 327, 20600, ○, ×, ○, △, 18, 19, 20, 4, ゲルググ, エルメダ, ガンダムエピオン, -, 4, 6, 10, -
機動戦士ガンダム, グフ, 9200, 100, 285, 17000, ×, ×, ◎, △, 17, 17, 16, 4, ザクII, グフカスタム, ドム, -, 3, 5, 5, -
機動戦士ガンダム, ゲルググ, 10800, 102, 345, 22400, ○, ×, ○, △, 19, 18, 21, 4, ゲルググM, シャア専用ゲルググ, ギャン, ゲルググJ, 3, 3, 4, 6
機動戦士ガンダム, ザクII, 8800, 98, 252, 14200, ○, ×, ○, △, 15, 14, 14, 4, シャア専用ザクII, ザクII改, グフ, ボルジャーノン, 3, 5, 6, 6
機動戦士ガンダム, ジオング, 13000, 108, 435, 32500, ◎, ×, ×, ×, 25, 22, 21, 6, エルメス, ノイエ・ジール, サイコ･ガンダム, -, 5, 10, 11, -
機動戦士ガンダム, ジム, 9000, 100, 267, 15400, ○, ×, ○, △, 16, 15, 15, 4, ジムII 赤, ジムスナイパーII, ジェノアス, -, 4, 5, 7, -
機動戦士ガンダム, シャア専用ゲルググ, 10800, 102, 351, 23100, ○, ×, ○, △, 20, 18, 22, 4, ゲルググ, ゲルググM, ゲルググJ, ゼノ, 3, 4, 5, 7
機動戦士ガンダム, シャア専用ザクII, 8800, 98, 258, 14800, ○, ×, ○, △, 16, 14, 15, 4, ザクII, ジラ, ジン, ルナマリア専用ガナーザクウォーリア, 3, 6, 6, 8
機動戦士ガンダム, シャア専用ズゴック, 9600, 100, 297, 18200, ×, ×, ○, ◎, 19, 18, 16, 4, ズゴック, コレン・カプル, アビスガンダム, -, 3, 6, 10, -
機動戦士ガンダム, ズゴック, 9600, 100, 291, 17600, ×, ×, ○, ◎, 18, 18, 15, 4, アッガイ, シャア専用ズゴック, ズゴックE, -, 3, 3, 5, -
機動戦士ガンダム, ドム, 10300, 102, 318, 19900, ×, ×, ◎, ×, 18, 18, 18, 4, グフ, リック・ドム, ドム・トローベン, -, 3, 3, 5, -
機動戦士ガンダム, ピグザム, 23000, 134, 657, 64700, ◎, ×, ×, ×, 34, 27, 11, 3, ビグロ, アプサラスIII, デストロイガンダム, -, 2, 4, 10, -
機動戦士ガンダム, ビグロ, 14500, 116, 426, 31400, ◎, ×, ×, ×, 22, 21, 16, 6, アプサラスII, ザムザザー, -, -, 8, 10, -, -
機動戦士ガンダム, ボール, 6800, 94, 165, 7900, ◎, ×, ×, ×, 13, 11, 9, 3, ジム, メビウス・ゼロ, エグザス, -, 6, 8, 9, -
機動戦士ガンダム, リック・ドム, 10300, 102, 318, 19900, ◎, ×, ×, ×, 18, 18, 18, 4, グフ, ドム, リック・ドムII, -, 3, 3, 5, -
機動戦士ガンダム 第08MS小隊, アプサラスII, 19000, 126, 558, 49000, ×, ◎, ×, ×, 29, 22, 17, 6, ザクII, ビグロ, アプサラスIII, -, 2, 3, 7, -
機動戦士ガンダム 第08MS小隊, アプサラスIII, 22000, 132, 639, 61600, ○, ○, ×, ×, 34, 25, 16, 6, アプサラスII, ビグザム, ウォドム, -, 3, 5, 8, -
機動戦士ガンダム 第08MS小隊, ガンダムEz8, 10400, 102, 333, 21500, ×, ×, ◎, △, 19, 19, 19, 4, 陸戦型ガンダム, Gエグゼス, -, -, 3, 8, -, -
機動戦士ガンダム 第08MS小隊, グフカスタム, 9800, 100, 306, 18700, ×, ×, ◎, △, 18, 16, 19, 4, グフ, ガラ, イザーク専用スラッシュザクファントム, -, 3, 6, 8, -
機動戦士ガンダム 第08MS小隊, 陸戦型ガンダム, 10200, 102, 327, 20800, ×, ×, ○, ×, 19, 19, 18, 4, ジム, ガンダムEz8, ガンダム, -, 2, 4, 5, -
機動戦士ガンダム0080 ポケットの中の戦争, アレックス, 11500, 104, 384, 26800, ○, ×, ○, △, 21, 20, 24, 4, ジム・カスタム, ガンダム, フォーエバーガンダム, -, 3, 3, 8, -
機動戦士ガンダム0080 ポケットの中の戦争, ゲルググJ, 10800, 102, 384, 26700, ◎, ×, △, △, 20, 18, 25, 4, ゲルググ, ゲルググM, ケンプファー, -, 3, 3, 4, -
機動戦士ガンダム0080 ポケットの中の戦争, ケンプファー, 10600, 102, 345, 22600, ○, ×, ○, △, 21, 17, 22, 4, ゲルググM, ゲルググJ, レズン専用ギラ・ドーガ, -, 3, 5, 9, -
機動戦士ガンダム0080 ポケットの中の戦争, ザクII改, 9500, 100, 294, 17800, ○, ×, ○, △, 17, 16, 18, 4, ザクII, ドラッツェ 袖付き, ハイザック 緑, -, 3, 4, 5, -
機動戦士ガンダム0080 ポケットの中の戦争, ジムスナイパーII, 10500, 102, 339, 22100, ○, ×, ○, △, 19, 19, 20, 4, ジム, ジム･カスタム, ジムII 赤, ガンダムデュナメス, 3, 3, 5, 15
機動戦士ガンダム0080 ポケットの中の戦争, ズゴックE, 10500, 102, 324, 20600, ×, ×, ○, ◎, 20, 19, 16, 4, ズゴック, ハイ･ゴッグ, カプル, -, 3, 4, 5, -
機動戦士ガンダム0080 ポケットの中の戦争, ハイ・ゴッグ, 10200, 102, 315, 19700, ×, ×, ○, ◎, 20, 17, 17, 4, ズゴックE, カプル, -, -, 5, 6, -, -
機動戦士ガンダム0080 ポケットの中の戦争, リック・ドムII, 10700, 102, 333, 21400, ◎, ×, ×, ×, 19, 18, 19, 4, リック・ドム, ドライセン 袖付き, -, -, 3, 7, -, -
機動戦士ガンダム0083 STARDUST MEMORY, ガーベラ・テトラ, 12000, 106, 411, 29600, ◎, ×, △, △, 22, 20, 27, 5, ガンダム試作2号機, ガンダム試作1号機フルバーニアン, リック・ディアス 黒, -, 3, 4, 5, -
機動戦士ガンダム0083 STARDUST MEMORY, ガンダム試作1号機, 11800, 104, 387, 27100, △, ×, ○, △, 22, 20, 22, 4, ガンダム, ガンダム試作2号機, ガンダム試作1号機フルバーニアン, -, 2, 4, 5, -
機動戦士ガンダム0083 STARDUST MEMORY, ガンダム試作1号機フルバーニアン, 12000, 106, 414, 30000, ◎, ×, △, △, 22, 20, 27, 5, ガンダム試作1号機, ガーベラ・テトラ, ガンダム試作3号機, -, 3, 4, 11, -
機動戦士ガンダム0083 STARDUST MEMORY, ガンダム試作2号機, 13000, 108, 468, 36700, ○, ×, ○, △, 22, 21, 19, 4, ガンダム試作1号機, ガーベラ・テトラ, ガンダムヴァーチェ, -, 3, 5, 10, -
機動戦士ガンダム0083 STARDUST MEMORY, ガンダム試作3号機, 25500, 138, 735, 78400, ◎, ×, ×, ×, 35, 25, 19, 6, ガンダム, ガンダム試作2号機, ガーベラ・テトラ, -, 2, 3, 4, -
機動戦士ガンダム0083 STARDUST MEMORY, ゲルググM, 10600, 102, 336, 21900, ○, ×, ○, △, 19, 18, 20, 4, ゲルググ, ゲルググM, ケンプファー, -, 3, 5, 6, -
機動戦士ガンダム0083 STARDUST MEMORY, ジム・カスタム, 10600, 102, 342, 22300, ○, ×, ○, △, 19, 18, 21, 4, ジム・キャノンII, ジムスナイパーII, ガンダムMk-II 白, ジェノアスカスタム, 3, 3, 6, 10
機動戦士ガンダム0083 STARDUST MEMORY, ジム・キャノンII, 10800, 102, 339, 22000, ○, ×, ○, △, 19, 20, 17, 4, ジム･カスタム, ガンキャノン, -, -, 3, 4, -, -
機動戦士ガンダム0083 STARDUST MEMORY, ドム・トローペン, 10700, 102, 333, 21400, ×, ×, ◎, ×, 19, 18, 19, 4, ドム, リック･ドム, -, -, 3, 3, -, -
機動戦士ガンダム0083 STARDUST MEMORY, ノイエ・ジール, 25500, 138, 729, 77500, ◎, ×, ×, ×, 34, 23, 21, 6, ジオング, a・アジール, -, -, 3, 7, -, -
機動戦士Zガンダム, Zガンダム, 12800, 106, 486, 38900, ○, ×, ○, △, 27, 25, 27, 4, 百式, リ・ガズィ B・W・S, ZZガンダム, ガンダムキュリオス, 3, 5, 7, 10
機動戦士Zガンダム, ガザC MS, 10500, 102, 345, 22700, ○, ×, △, ×, 20, 18, 18, 4, ガザD 袖付き, ゾロ, -, -, 4, 6, -, -
機動戦士Zガンダム, ガブスレイ MS, 13000, 108, 453, 34600, ◎, ×, ×, ×, 25, 24, 23, 4, ハンブラビ, ギャプラン, メッサーラ, -, 3, 3, 5, -
機動戦士Zガンダム, ガンダムMk-II 白, 12000, 106, 402, 28800, ○, ×, ○, △, 23, 20, 24, 4, マラサイ, スーパーガンダム, 百式, -, 3, 4, 5, -
機動戦士Zガンダム, ギャプラン MS, 13800, 108, 453, 34800, ○, ×, ○, △, 23, 23, 22, 4, ガブスレイ, カオスガンダム, ガフラン, -, 5, 10, 15, -
機動戦士Zガンダム, キュベレイ, 12800, 106, 462, 35800, ○, ×, ○, △, 27, 25, 27, 4, エルメス, キュベレイMk-II プル機, キュベレイMK-II ブルツー機, 量産型キュベレイMK-II 紫, 3, 5, 5, 5
機動戦士Zガンダム, サイコ・ガンダム Mk-II MS, 26000, 140, 741, 79800, ○, ×, ○, ×, 36, 31, 14, 3, サイコ･ガンダム, クィン・マンサ, -, -, 3, 5, -, -
機動戦士Zガンダム, サイコ・ガンダム MS, 25000, 138, 708, 73700, ○, ×, ○, ×, 34, 30, 13, 3, サイコ･ガンダムMk-II, デストロイガンダム, -, -, 5, 10, -, -
機動戦士Zガンダム, ジ・O, 16000, 114, 549, 47700, ◎, ×, ×, ×, 27, 27, 29, 4, パラス・アテネ, アヘッド・スマルトロン, レジェンドガンダム, -, 3, 8, 11, -
機動戦士Zガンダム, ジムII 赤, 10600, 102, 330, 21200, ○, ×, ○, △, 19, 18, 18, 4, ジムスナイパーII, ジェガン, ジェノアス, -, 3, 6, 8, -
機動戦士Zガンダム, スーパーガンダム, 12000, 106, 429, 31900, ◎, ×, △, ×, 25, 22, 25, 5, ガンダムMk-II 白, ダブルオーライザー 最終決戦仕様, -, -, 3, 20, -, -
機動戦士Zガンダム, ハイザック 緑, 10600, 102, 336, 21900, ○, ×, ○, △, 19, 19, 19, 4, ザクII改, マラサイ, ザクウォーリア, -, 3, 5, 8, -
機動戦士Zガンダム, パラス・アテネ, 13000, 108, 429, 32000, ◎, ×, ×, ×, 28, 23, 18, 4, メッサーラ, ジ・０, プロヴィデンスガンダム, -, 4, 7, 13, -
機動戦士Zガンダム, ハンブラビ MS, 12200, 106, 426, 31400, ◎, ×, ×, ×, 23, 22, 24, 4, ガブスレイ, メッサーラ, アビスガンダム, -, 4, 5, 10, -
機動戦士Zガンダム, 百式, 13000, 108, 468, 36800, ○, ×, ○, △, 25, 22, 25, 4, リック･ディアス 黒, ガンダムMk-II 白, Zガンダム, デルタプラス, 3, 3, 5, 5
機動戦士Zガンダム, マラサイ, 11600, 104, 387, 27100, ○, ×, ○, △, 22, 21, 22, 4, ハイ・ザック 緑, ギラ・ドーガ, マヒロー, -, 3, 5, 9, -
機動戦士Zガンダム, メッサーラ MS, 14000, 110, 486, 39000, ◎, ×, ×, ×, 27, 24, 24, 5, パラス・アテネ, ジ・０, -, -, 3, 6, -, -
機動戦士Zガンダム, リック・ディアス 黒, 12000, 106, 396, 28000, ○, ×, ○, △, 22, 21, 23, 4, リック･ドムII, 百式, -, -, 2, 5, -, -
機動戦士ガンダムZZ, ZZガンダム, 14500, 110, 651, 63700, ◎, ◎, ○, △, 32, 32, 39, 6, Zガンダム, ガンダムヴァーチェ, ガンダムDX, -, 3, 9, 12, -
機動戦士ガンダムZZ, キュベレイMk-II プル機, 13000, 108, 465, 36400, ○, ×, ○, △, 27, 25, 27, 4, キュベレイ, キュベレイMk-II プルツー機, 量産型キュベレイMk-II 紫, クィン・マンサ, 4, 4, 4, 11
機動戦士ガンダムZZ, キュベレイMk-II プルツー機, 13000, 108, 468, 36800, ○, ×, ○, △, 27, 25, 27, 4, キュベレイ, キュベレイMk-II プルツー機, 量産型キュベレイMk-II 紫, クィン・マンサ, 4, 4, 4, 11
機動戦士ガンダムZZ, クィン・マンサ, 26500, 140, 768, 85200, ○, ×, ○, ×, 37, 32, 18, 4, キュベレイMk-II プル機, キュベレイMk-II プルツー機, クシャトリヤ, -, 2, 2, 4, -
機動戦士ガンダムZZ, 量産型キュベレイMk-II 紫, 13700, 108, 483, 38800, ○, ×, ○, △, 28, 25, 27, 4, エルメス, キュベレイ, -, -, 3, 4, -, -
機動戦士ガンダム 逆襲のシャア, α・アジール, 28000, 144, 825, 96100, ◎, ×, ×, ×, 39, 31, 19, 6, ラフレシア, ノイエ・ジール, -, -, 5, 7, -, -
機動戦士ガンダム 逆襲のシャア, νガンダム, 14500, 110, 573, 51500, ○, ×, ○, △, 31, 28, 30, 4, サザビー, フォーエバーガンダム, Hi-νガンダム, -, 3, 4, 5, -
機動戦士ガンダム 逆襲のシャア, ギラ・ドーガ, 12000, 106, 417, 30400, ○, ×, ○, △, 24, 23, 24, 4, レズン専用ギラ・ドーガ, ギラ・ズール, ヤクト・ドーガ ギュネイ機, ヤクト・ドーガ クェス機, 3, 5, 6, 6
機動戦士ガンダム 逆襲のシャア, サザビー, 15500, 112, 558, 49200, ○, ×, ○, △, 30, 29, 29, 4, ヤクト・ドーガ ギュネイ機, ヤクド・ドーガ クェス機, ナイチンゲール, シナンジュ, 3, 3, 5, 5
機動戦士ガンダム 逆襲のシャア, ジェガン, 12000, 106, 417, 30400, ○, ×, ○, △, 24, 23, 24, 4, ジムII 赤, スタークジェガン, シャルドール, -, 3, 4, 8, -
機動戦士ガンダム 逆襲のシャア, ヤクト・ドーガ ギュネイ機, 13200, 108, 495, 40000, ○, ×, ○, △, 28, 27, 28, 4, ギラ・ドーガ, ヤクト・ドーガ クェス機, サザビー, -, 3, 4, 6, -
機動戦士ガンダム 逆襲のシャア, ヤクト・ドーガ クェス機, 13200, 108, 495, 40000, ○, ×, ○, △, 28, 27, 28, 4, ギラ・ドーガ, ヤクト・ドーガ ギュネイ機, サザビー, -, 3, 4, 6, -
機動戦士ガンダム 逆襲のシャア, リ・ガズィ B・W・S, 13000, 108, 510, 42100, ◎, ○, ×, ×, 27, 23, 29, 6, リゼル, Zガンダム, vガンダム, -, 3, 4, 6, -
機動戦士ガンダム 逆襲のシャア, レズン専用ギラ・ドーガ, 12000, 106, 417, 30400, ○, ×, ○, △, 24, 23, 24, 4, ギラ・ドーガ, ケンプファー, アンジェロ専用ギラ・ズール, -, 3, 5, 6, -
機動戦士ガンダムUC, アンジェロ専用ギラ・ズール, 12500, 106, 444, 33700, ○, ×, ○, △, 27, 23, 26, 4, ギラ・ドーガ 袖付き, ギラ・ズール, ギラ・ズール 親衛隊機, -, 2, 2, 3, -
機動戦士ガンダムUC, ガダD 袖付き・MS, 10700, 102, 360, 24200, ○, ×, △, ×, 21, 19, 19, 4, ガザC, ゾロ, -, -, 3, 7, -, -
機動戦士ガンダムUC, ギラ・ズール, 12300, 106, 429, 32000, ○, ×, ○, △, 25, 23, 25, 4, ギラ・ドーガ, ギラ・ドーガ 袖付き, ギラ･ズール 親衛隊機, -, 3, 4, 4, -
機動戦士ガンダムUC, ギラ・ズール 親衛隊機, 12300, 106, 435, 32400, ○, ×, ○, △, 25, 23, 26, 4, ギラ・ドーガ 袖付き, ギラ・ズール, アンジェロ専用ギラ・ズール, -, 2, 3, 5, -
機動戦士ガンダムUC, ギラ・ドーガ 袖付き, 12000, 106, 417, 30400, ○, ×, ○, △, 24, 23, 24, 4, ギラ・ドーガ, ギラ・ズール, ギラ・ズール 親衛隊機, ゲイツR, 3, 4, 5, 8
機動戦士ガンダムUC, クシャトリヤ, 16500, 114, 603, 55800, ○, ×, ○, △, 34, 30, 24, 4, 量産型キュベレイMk-II 紫, ヤクド・ドーガ ギュネイ機, ヤクト・ドーガ クェス機, クィン・マンサ, 2, 3, 3, 5
機動戦士ガンダムUC, シナンジュ, 15000, 112, 570, 50700, ○, ×, ○, △, 31, 30, 33, 4, サザビー, ナイチンゲール, -, -, 3, 4, -, -
機動戦士ガンダムUC, スタークジェンガ, 12000, 106, 423, 31200, ◎, ×, △, ×, 26, 25, 23, 4, -, -, -, -, -, -, -, -
機動戦士ガンダムUC, デルタプラス MS, 13200, 108, 486, 39100, ○, ×, ○, △, 27, 26, 27, 4, 百式, Zガンダム, GNアーチャー, -, 3, 4, 8, -
機動戦士ガンダムUC, ドライセン 袖付き, 13000, 108, 447, 34200, ○, ×, ○, △, 25, 25, 25, 4, リック･ドム, リック･ドムII, シルバー・スモー, -, 2, 3, 10, -
機動戦士ガンダムUC, ドラッツェ 袖付き, 9000, 100, 303, 18700, ◎, ×, ×, ×, 17, 14, 24, 6, ザクII改, ガーベラ・テトラ, バクゥ, -, 3, 5, 9, -
機動戦士ガンダムUC, ユニコーンガンダム, 15500, 112, 597, 55200, ○, ×, ○, △, 31, 29, 31, 4, νガンダム, Hi-νガンダム, ガンダムF91, -, 2, 3, 5, -
機動戦士ガンダムUC, ユニコーンガンダム デストロイモード, 15500, 112, 597, ー, ◎, ×, ◎, ○, 33, 29, 35, 5, νガンダム, Hi-νガンダム, ガンダムF91, -, 2, 3, 5, -
機動戦士ガンダムUC, リゼル MS, 12800, 106, 459, 35400, ○, ×, ○, △, 25, 24, 25, 4, ジェガン, リゼル 隊長機, リ・ガズィ B・W・S, -, 2, 3, 5, -
機動戦士ガンダムUC, リゼル 隊長機MS, 12800, 106, 462, 35900, ○, ×, ○, △, 25, 24, 26, 4, ジェガン, リゼル, リ・ガズィ B・W・S, ムラサメ, 2, 3, 5, 8
機動戦士ガンダムUC, ロト MS, 8500, 104, 318, 20100, ○, ×, ○, ×, 20, 18, 19, 4, ガンタンク, ジェノアス, ゲドラフ アインラッド, ウォドム, 3, 7, 10, 12
機動戦士ガンダムF91, ガンダムF91, 13700, 114, 558, 49100, ◎, ○, ×, ×, 31, 29, 31, 7, ウイングガンダムゼロ EW, アヘッド・サキガケ, セイバーガンダム, -, 4, 8, 10, -
機動戦士ガンダムF91, ビギナ・ギナ, 13700, 114, 531, 45100, ○, △, ○, △, 29, 27, 36, 4, ゾロ, クロスボーン・ガンダムX1, ゲイツR, -, 5, 5, 6, -
機動戦士ガンダムF91, ラフレシア, 27400, 142, 843, 100200, ◎, ×, ×, ×, 41, 33, 25, 6, ビギナ・ギア, アヘッド・スマルトロン, ゲルズゲー, -, 3, 7, 10, -
機動戦士クロスボーン・ガンダム, クロスボーン・ガンダムX1, 13700, 114, 549, 47800, ○, ○, ○, △, 30, 27, 37, 4, ビギナ・ギナ, クロスボーン・ガンダムX3, -, -, 3, 5, -, -
機動戦士クロスボーン・ガンダム, クロスボーン・ガンダムX1フルクロス, 14000, 116, 609, 56800, ○, ○, ○, △, 31, 30, 38, 4, クロスボーン・ガンダムX1, クロスボーン・ガンダムX3, デスティニーガンダム, -, 3, 4, 9, -
機動戦士クロスボーン・ガンダム, クロスボーン・ガンダムX3, 13900, 114, 561, 49300, ○, ○, ○, △, 30, 27, 37, 4, クロスボーン・ガンダムX1, クロスボーン・ガンダムX1フルクロス, -, -, 4, 6, -, -
機動戦士Vガンダム, V2ガンダム MS, 14000, 116, 627, 59900, ○, ○, ○, △, 32, 30, 42, 5, ヴィクトリーガンダム, ビギニング30ガンダム, ガンダムF91, セイバーガンダム, 3, 5, 8, 10
機動戦士Vガンダム, ヴィクトリーガンダム MS, 11800, 110, 486, 39200, ○, △, ○, △, 26, 26, 32, 4, ガンブラスター, V2ガンダム, -, -, 3, 7, -, -
機動戦士Vガンダム, ガンブラスター, 11600, 110, 453, 34900, ○, ○, ○, △, 25, 25, 33, 4, ヴィクトリーガンダム, ウィンダム, GN-XIII 連邦軍仕様, -, 5, 7, 8, -
機動戦士Vガンダム, ゲドラフ アインラッド, 11500, 110, 453, 34800, ◎, ◎, ◎, ○, 22, 27, 29, 5, ゾロアット, ブルッケング, -, -, 3, 5, -, -
機動戦士Vガンダム, ゴトラタン, 13200, 114, 537, 46200, ○, ○, ○, △, 32, 30, 36, 4, ゾロアット, リグ・シャッコー, ガンダムヴァサーゴ, -, 3, 4, 8, -
機動戦士Vガンダム, コンティオ, 12600, 112, 507, 42000, ◎, ×, ×, ×, 30, 28, 35, 4, リグ・シャッコー, リグ・コンティオ, -, -, 4, 5, -, -
機動戦士Vガンダム, ザンネック, 13200, 114, 564, 50100, ◎, ◎, ×, ×, 31, 31, 38, 5, ゾロアット, リグ・シャッコー, ガデッサ ヒリング機, -, 3, 4, 8, -
機動戦士Vガンダム, ゾロ MS, 11200, 110, 429, 32000, ×, ○, ×, ×, 23, 24, 30, 4, ゾロアット, ジン, GN-XIII アロウズ仕様, -, 3, 7, 9, -
機動戦士Vガンダム, ゾロアット, 11200, 110, 429, 31900, ◎, ×, ×, ×, 24, 24, 30, 4, ゾロ, ゲドラフ アインラッド, リグ・シャッコー, -, 3, 5, 5, -
機動戦士Vガンダム, ブルッケング, 11800, 110, 471, 36900, ◎, ◎, ◎, ○, 23, 28, 30, 5, ゾロアット, ゲドラフ　アインラッド, ロト, -, 2, 3, 8, -
機動戦士Vガンダム, リグ・コンティオ, 13700, 114, 555, 48800, ○, ○, ○, △, 32, 30, 38, 4, ゾロアット, コンティオ, リグ・シャッコー, -, 2, 3, 4, -
機動戦士Vガンダム, リグ・シャッコー, 11700, 110, 471, 37200, ○, ○, ○, △, 27, 27, 34, 4, ゾロアット, コンティオ, ゴトラタン, ザンネック, 2, 3, 7, 7
機動武闘伝Gガンダム, ゴッドガンダム, 14500, 110, 546, 47500, ○, ×, ○, △, 30, 28, 31, 4, シャイニングガンダム, マスターガンダム, -, -, 3, 4, -, -
機動武闘伝Gガンダム, シャイニングガンダム, 13500, 108, 507, 41700, ○, ×, ◎, △, 27, 26, 29, 4, ゴッドガンダム, ガンダムAG-1　タイタス, -, -, 5, 10, -, -
機動武闘伝Gガンダム, デビルガンダム 最終形態, 24000, 136, 786, 88300, ○, ×, ○, ×, 40, 45, 18, 3, マスターガンダム, ゲルズゲー, デストロイガンダム, -, 2, 8, 10, -
機動武闘伝Gガンダム, マスターガンダム, 14600, 110, 552, 48300, ○, ×, ◎, △, 29, 28, 32, 4, ゴッドガンダム, デビルガンダム 最終形態, デスティニーガンダム, -, 4, 9, 11, -
新機動戦記ガンダムW, ヴァイエイト, 14000, 110, 495, 40100, ○, ×, ○, △, 29, 27, 26, 4, メリクリウス, ガンダムヘビーアームズ, -, -, 4, 5, -, -
新機動戦記ガンダムW, ウイングガンダム MS, 14000, 110, 504, 41400, ○, ×, ○, △, 28, 27, 25, 4, ガンダムデスサイズ, ガンダムヘビーアームズ, メリクリウス, ウイングガンダムゼロ EW, 4, 4, 4, 6
新機動戦記ガンダムW, ウイングガンダムゼロ EW, 15200, 112, 588, 53800, ○, ○, ○, △, 31, 31, 28, 5, トールギス, ウイングガンダム, V2ガンダム, -, 3, 4, 8, -
新機動戦記ガンダムW, ガンダムエピオン MS, 15000, 112, 573, 51500, ○, ×, ○, △, 31, 31, 29, 5, ウイングガンダムゼロ EW, アヘッド・サキガケ, セイバーガンダム, -, 4, 8, 10, -
新機動戦記ガンダムW, ガンダムサンドロック, 14000, 110, 486, 39100, ○, ×, ○, △, 26, 29, 24, 4, シェンロンガンダム, ウイングガンダム, トールギス, -, 4, 4, 5, -
新機動戦記ガンダムW, ガンダムデスサイズ, 13000, 108, 480, 38100, ○, ×, ○, △, 26, 27, 29, 4, ガンダムサンドロック, ガンダムヘビーアームズ, トールギス, -, 4, 4, 5, -
新機動戦記ガンダムW, ガンダムヘビーアームズ, 13800, 108, 495, 40300, ○, ×, ○, △, 29, 28, 21, 4, シェンロンガンダム, ガンダムサンドロック, ヴァイエイト, トールギス, 4, 4, 4, 5
新機動戦記ガンダムW, シェンロンガンダム, 13800, 108, 486, 39000, ○, ×, ○, △, 27, 27, 26, 4, ガンダムデスサイズ, ウイングガンダム, トールギス, -, 4, 4, 5, -
新機動戦記ガンダムW, トーラス, 10800, 102, 360, 24100, ○, ×, ○, ×, 20, 19, 24, 4, リーオー, ヴァイエイト, メリクリウス, -, 3, 6, 6, -
新機動戦記ガンダムW, トールギス, 12500, 106, 462, 35800, ○, ○, ○, △, 26, 26, 28, 5, リーオー, ウイングガンガム, ガンダムエピオン, デスペラード, 2, 5, 7, 8
新機動戦記ガンダムW, メルクリウス, 14500, 110, 528, 44900, ○, ×, ◎, △, 24, 28, 26, 4, ヴァイエイト, ウイングガンダム, -, -, 4, 5, -, -
新機動戦記ガンダムW, リーオー, 8800, 98, 252, 14200, ○, ×, ◎, △, 15, 14, 14, 4, トーラス, トールギス, ゾロ, -, 5, 7, 8, -
機動新世紀ガンダムX, ガンダムDX, 15100, 112, 591, 53900, ○, ×, ○, △, 33, 30, 27, 4, ガンダムX, ZZガンダム, セラヴィーガンダム, -, 3, 8, 9, -
機動新世紀ガンダムX, ガンダムX, 13500, 108, 501, 41200, ○, ×, ○, △, 27, 24, 26, 4, ガンダムアシュタロン, ガンダムヴァサーゴ, ガンダムDX, -, 4, 4, 6, -
機動新世紀ガンダムX, ガンダムアシュタロン MS, 13900, 108, 495, 40200, ○, ×, ○, △, 26, 27, 26, 4, ガンダムヴァサーゴ, ガンダムアシュタロン・ハーミットクラブ, -, -, 4, 6, -, -
機動新世紀ガンダムX, ガンダムアシュタロン・ハーミットクラブ MS, 14400, 110, 576, 51900, ○, ×, ○, △, 30, 32, 27, 4, ガンダムアシュタロン, ガンダムヴァサーゴ・チェストブレイク, カオスガンダム, -, 3, 4, 9, -
機動新世紀ガンダムX, ガンダムヴァサーゴ, 14200, 110, 507, 41900, ○, ×, ○, △, 27, 26, 27, 4, ガンダムアシュタロン, ガンダムヴァサーゴ・チェストブレイク, -, -, 4, 6, -, -
機動新世紀ガンダムX, ガンダムヴァサーゴ・チェストブレイク, 15400, 112, 567, 50400, ○, ×, ○, △, 31, 30, 29, 4, ガンダムヴァサーゴ, ガンダムアシュタロン・ハーミットクラブ, ガンダムスローネアイン, -, 3, 4, 9, -
∀ガンダム, ∀ガンダム, 12800, 206, 474, 37500, ○, ×, ○, △, 27, 27, 27, 4, ガンダム, シルバー・スモー, ∀ガンダム 能力解放, -, 3, 4, 8, -
∀ガンダム, ∀ガンダム 能力解放, 20000, 122, 798, 91200, ◎, ○, ○, △, 37, 37, 37, 6, ゴールド・スモー, ターンX, -, -, 3, 4, -, -
∀ガンダム, ウォドム, 19000, 126, 585, 53200, ○, ×, ○, ×, 29, 27, 21, 4, シルバー・スモー, ビグザム, デストロイガンダム, -, 3, 8, 10, -
∀ガンダム, カプル, 11800, 104, 396, 27900, ○, ×, ○, ◎, 22, 22, 23, 4, ハイ・ゴッグ, ズゴックE, コレン・カプル, -, 3, 4, 5, -
∀ガンダム, ギャバン・ボルジャーノン, 9800, 100, 285, 16900, ○, ×, ○, △, 16, 16, 16, 4, ボルジャーノン, ゼノ, ゲイツR, -, 4, 6, 7, -
∀ガンダム, ゴールド・スモー, 15500, 112, 585, 53100, ○, ×, ○, △, 29, 27, 31, 4, ∀ガンダム, シルバー・スモー, 百式, -, 3, 3, 8, -
∀ガンダム, コレン・カプル, 13800, 108, 468, 36800, ○, ×, ○, ◎, 25, 25, 26, 4, カプル, シャア専用ズゴック, ガラ, -, 3, 8, 8, -
∀ガンダム, シルバー・スモー, 14500, 110, 546, 47200, ○, ×, ○, △, 27, 26, 28, 4, ∀ガンダム, ゴールド・スモー, -, -, 4, 4, -, -
∀ガンダム, ターンX, 20000, 122, 810, 93600, ◎, ○, ○, △, 38, 36, 38, 6, ∀ガンダム, マヒロー, バンデット, -, 3, 3, 3, -
∀ガンダム, バンデット, 15000, 112, 555, 48400, ○, ○, ○, △, 28, 27, 29, 4, マヒロー, ターンX, -, -, 3, 7, -, -
∀ガンダム, ボルジャーノン, 10800, 102, 321, 20200, ○, ×, ○, △, 17, 17, 17, 4, ザクII, ギャバン・ボルジャーノン, ジラ, ジン, 3, 3, 6, 7
∀ガンダム, マヒロー, 14000, 110, 477, 37700, ○, ○, △, △, 25, 24, 25, 6, バンデット, ウォドム, マラサイ, -, 5, 6, 8, -
機動戦士ガンダムSEED, M1アストレイ, 11200, 104, 372, 25500, ○, △, ○, △, 19, 18, 24, 5, ストライクタガー, ムラサメ, ガンブラスター, -, 3, 5, 8, -
機動戦士ガンダムSEED, ジャスティスガンダム, 14500, 110, 561, 49300, ○, ○, ○, △, 28, 28, 31, 6, セイバーガンダム, インフィニットジャスティスガンダム, フリーダムガンダム ミーティア装備, -, 4, 5, 7, -
機動戦士ガンダムSEED, ジャスティスガンダム ミーティア装備, 23000, 134, 693, 70800, ◎, ×, ×, ×, 35, 28, 20, 6, ジャスティスガンダム, フリーダムガンダム ミーティア装備, ガンダム試作3号機, -, 3, 5, 10, -
機動戦士ガンダムSEED, ジン, 10200, 102, 300, 18300, ○, ×, ○, △, 16, 16, 18, 4, ジンハイマニューバ2型, ゾロ, GN-XIII アロウズ仕様, -, 4, 7, 9, -
機動戦士ガンダムSEED, ストライクダガー, 10800, 102, 336, 21700, ○, ×, ○, △, 18, 17, 19, 4, M1アストレイ, ウィンダム, ゲルズゲー, -, 4, 5, 7, -
機動戦士ガンダムSEED, バクゥ, 10600, 102, 351, 23300, ×, ×, ◎, ×, 20, 20, 22, 4, ラゴゥ, ガイアガンダム, -, -, 5, 6, -, -
機動戦士ガンダムSEED, フリーダムガンダム, 14000, 110, 567, 50600, ○, ○, ○, △, 29, 28, 30, 5, フォースインパルスガンダム, ストライクフリーダムガンダム, フリーダムガンダム ミーティア装備, -, 4, 5, 7, -
機動戦士ガンダムSEED, フリーダムガンダム ミーティア装備, 23000, 134, 693, 70800, ◎, ×, ×, ×, 35, 28, 20, 6, フリーダムガンダム, ジャスティスガンダム ミーティア装備, ガンダム試作3号機, -, 3, 5, 10, -
機動戦士ガンダムSEED, プロヴィデンスガンダム, 14500, 110, 549, 47900, ○, ○, ○, ×, 30, 29, 27, 4, レジェンドガンダム, パラス・アテネ, ガンダムアシュタロン, -, 5, 7, 9, -
機動戦士ガンダムSEED, メビウス・ゼロ, 9500, 100, 303, 18600, ◎, ×, ×, ×, 18, 16, 20, 5, ボール, エグザス, -, -, 5, 5, -, -
機動戦士ガンダムSEED, ラゴゥ, 11600, 104, 399, 28500, ×, ×, ◎, ×, 22, 21, 24, 4, バクゥ, ガイアガンダム, -, -, 3, 5, -, -
機動戦士ガンダムSEED DESTINY, アカツキ（シラヌイ）, 14000, 110, 546, 47200, ○, ×, ○, △, 29, 29, 28, 4, ムラサメ, 百式, ゴールド・スモー, -, 3, 8, 10, -
機動戦士ガンダムSEED DESTINY, アビスガンダム MS, 13000, 108, 516, 43000, ○, ×, ○, ○, 29, 27, 23, 4, ガイアガンダム, カオスガンダム, フォースインバルスガンダム, セイバーガンダム, 5, 5, 5, 5
機動戦士ガンダムSEED DESTINY, イザーク用スラッシュザクファントム, 12500, 106, 438, 32900, ○, ×, ○, △, 26, 23, 24, 4, ザクウォーリア, レイ専用ブレイズザクファントム, フォースインパルスガンダム, -, 3, 4, 6, -
機動戦士ガンダムSEED DESTINY, インフィニットジャスティスガンダム, 16000, 114, 615, 57800, ○, ○, ○, △, 30, 29, 33, 5, ジャスティスガンダム, フォーエバーガンダム, -, -, 4, 8, -, -
機動戦士ガンダムSEED DESTINY, ウィンダム, 11800, 104, 435, 32700, ○, ×, ○, △, 23, 21, 23, 4, ストライクタガー, ガンブラスター, GN-XIII 連邦軍仕様, ヴィクトリーガンダム, 3, 9, 9, 10
機動戦士ガンダムSEED DESTINY, エグザス, 10500, 102, 360, 24100, ◎, ×, ×, ×, 21, 19, 23, 6, メビウス・ゼロ, ボール, ウィンダム, -, 3, 5, 5, -
機動戦士ガンダムSEED DESTINY, ガイアガンダム MA, 13000, 108, 510, 42100, ○, ×, ○, △, 26, 25, 26, 4, バクゥ, バルトフェルド専用ガイアガンダム, カオスガンダム, アビスガンダム, 3, 4, 5, 5
機動戦士ガンダムSEED DESTINY, カオスガンダム MS, 13000, 108, 513, 42500, ○, ×, ○, △, 27, 26, 25, 4, ガイアガンダム, アビスガンダム, フォースインパルスガンダム, セイバーガンダム, 5, 5, 5, 5
機動戦士ガンダムSEED DESTINY, ゲイツR, 12000, 106, 411, 29600, ○, ×, ○, △, 22, 22, 24, 4, ジン, ジンハイマニューバ2型, ザクウォーリア, -, 2, 3, 5, -
機動戦士ガンダムSEED DESTINY, ゲルズゲー, 19000, 126, 579, 52400, ○, ○, ○, ×, 28, 24, 15, 5, ストライクタガー, ザムザザー, デストロイガンダム, -, 2, 5, 8, -
機動戦士ガンダムSEED DESTINY, ザクウォーリア, 12000, 106, 420, 30800, ○, ×, ○, △, 23, 23, 25, 4, ゲイツR, ルナマリア専用ガナーザクウォーリア, イザーク専用スラッシュザクファントム, レイ専用ブレイズザクファントム, 3, 3, 5, 5
機動戦士ガンダムSEED DESTINY, ザムザザー, 20000, 128, 654, 64100, ◎, ○, ×, ×, 32, 29, 20, 5, ゲルズゲー, デストロイガンダム, ビグロ, -, 3, 6, 10, -
機動戦士ガンダムSEED DESTINY, ジンハイマニューバ2型, 11500, 104, 348, 23000, ◎, ×, ○, △, 17, 16, 21, 5, ジン, ゲイツR, アヘッド・サキガケ, -, 3, 5, 10, -
機動戦士ガンダムSEED DESTINY, ストライクフリーダムガンダム, 15500, 112, 633, 60600, ○, ○, ○, △, 31, 28, 35, 5, スターゲイザー, フリーダムガンダム, ビギニング30ガンダム, -, 3, 4, 6, -
機動戦士ガンダムSEED DESTINY, セイバーガンダム MS, 13500, 108, 537, 46100, ○, ○, ○, △, 27, 27, 28, 5, ジャスティスガンダム, ガイアガンダム, カオスガンダム, アビスガンダム, 4, 5, 5, 5
機動戦士ガンダムSEED DESTINY, デスティニーガンダム, 15500, 112, 615, 57800, ○, ○, ○, △, 31, 30, 34, 5, スターゲイザー, フォースインパルスガンダム, レジェンドガンダム, -, 3, 4, 5, -
機動戦士ガンダムSEED DESTINY, バルトフェルド専用ガイアガンダム MS, 13000, 108, 510, 42100, ○, ×, ○, △, 26, 25, 26, 4, バクゥ, ラゴゥ, ガイアガンダム, ガフラン, 2, 2, 4, 12
機動戦士ガンダムSEED DESTINY, フィースインパルスガンダム, 13000, 108, 519, 43600, ○, ○, ○, △, 25, 26, 29, 5, ガイアガンダム, カオスガンダム, アビスガンダム, デスティニーガンダム, 5, 5, 5, 7
機動戦士ガンダムSEED DESTINY, ムラサメ MS, 12000, 106, 438, 33000, ○, ○, ○, △, 23, 22, 26, 5, M1アストレイ, アカツキ シラヌイ, リゼル, -, 3, 7, 9, -
機動戦士ガンダムSEED DESTINY, ルナマリア専用ガナーザクウォーリア, 12000, 106, 429, 32000, ○, ×, ○, △, 28, 23, 23, 4, ザクウォーリア, フォースインパルスガンダム, シャア専用ザクII, -, 3, 6, 7, ガーベラ・テトラ
機動戦士ガンダムSEED DESTINY, レイ専用ブレイズザクファントム, 12500, 106, 447, 34200, ○, ×, ○, △, 24, 23, 28, 5, ザクウォーリア, イザーク専用スラッシュザクファントム, フォースインパルスガンダム, -, 3, 4, 6, -
機動戦士ガンダムSEED DESTINY, レジェンドガンダム, 16500, 114, 618, 58400, ○, ○, ○, ×, 32, 29, 29, 5, プロヴィデンスガンダム, アルケーガンダム, ジ・０, -, 3, 6, 7, -
機動戦士ガンダムSEED C.E.73 STARGAZER, スターゲイザー, 13000, 108, 486, 39200, ◎, ◎, ○, △, 25, 26, 32, 5, M1アストレイ, ムラサメ, トーラス, ラファエルガンダム, 3, 4, 6, 10
機動戦士ガンダムOO, ガンダムヴァーチェ, 14000, 110, 561, 49700, ○, ○, ○, △, 30, 28, 21, 4, ガンダムスローネアイン, ガデッサ ヒリング機, セラヴィーガンダム, -, 3, 4, 5, -
機動戦士ガンダムOO, ガンダムエクシア, 13500, 108, 477, 37700, ○, ○, ○, △, 26, 24, 27, 5, ガンダムキュリオス, ガンダムデュナメス, ガンダムヴァーチェ, ダブルオーガンダム, 5, 5, 5, 5
機動戦士ガンダムOO, ガンダムキュリオス MS, 13000, 108, 480, 38100, ○, ○, ○, △, 26, 24, 27, 5, GNアーチャー, アヘッド・スマルトロン, アリオスガンダム, デルタプラス, 4, 5, 5, 8
機動戦士ガンダムOO, ガンダムスローネアイン, 13000, 108, 462, 35900, ○, ○, ○, △, 27, 24, 25, 5, ガンダムスローネツヴァイ, ガンダムスローネドライ, アルケーガンダム, ガンダムX, 4, 4, 5, 10
機動戦士ガンダムOO, ガンダムスローネツヴァイ, 13000, 108, 456, 35100, ○, ○, ○, △, 26, 23, 27, 5, ガンダムスローネアイン, ガンダムスローネドライ, アルケーガンダム, -, 4, 4, 5, -
機動戦士ガンダムOO, ガンダムスローネドライ, 13000, 108, 462, 35900, ○, ○, ○, △, 24, 24, 26, 5, ガンダムスローネアイン, ガンダムスローネツヴァイ, アルケーガンダム, ルナマリア専用ガナーザクウォーリア, 4, 4, 5, 9
機動戦士ガンダムOO, ガンダムデュナメス, 13500, 108, 489, 39500, ○, ○, ○, △, 27, 26, 25, 5, ガンダムスローネアイン, ケルディムガンダム, -, -, 3, 5, -, -
機動戦士ガンダムOO 2ndシーズン, GN-XIII アロウズ仕様, 12500, 106, 4456, 35000, ◎, ○, ○, △, 25, 24, 27, 5, GN-XIII 連邦軍仕様, ガンダムスローネドライ, アヘッド・サキガケ, アヘッド・スマルトロン, 3, 4, 5, 5
機動戦士ガンダムOO 2ndシーズン, GN-XIII 連邦軍仕様, 12500, 110, 453, 35000, ◎, ○, ○, △, 25, 24, 27, 5, GN-XIII アロウズ仕様, ガンダムスローネドライ, アヘッド・スマルトロン, -, 3, 4, 5, -
機動戦士ガンダムOO 2ndシーズン, GNアーチャー MS, 13000, 108, 483, 38500, ○, ○, ○, △, 28, 24, 28, 5, ガンダムキュリオス, アリオスガンダム, ガンダムハルート 最終決戦仕様, リゼル, 3, 4, 6, 9
機動戦士ガンダムOO 2ndシーズン, アヘッド・サキガケ, 14000, 110, 504, 41400, ○, ○, ○, △, 27, 25, 30, 5, GN-XIII アロウズ仕様, マスラオ, ガンダムエピオン, -, 3, 5, 9, -
機動戦士ガンダムOO 2ndシーズン, アヘッド・スマルトロン, 14500, 110, 522, 43800, ○, ○, ○, △, 26, 26, 30, 5, GN-XIII 連邦軍仕様, GN-XIII アロウズ仕様, ヤクト・ドーガ クェス機, ラフレシア, 3, 3, 8, 15
機動戦士ガンダムOO 2ndシーズン, アリオスガンダム MS, 14000, 110, 519, 43600, ○, ○, ○, △, 28, 25, 29, 5, ガンダムキュリオス, GNアーチャー, ガンダムハルート 最終決戦仕様, -, 3, 3, 5, -
機動戦士ガンダムOO 2ndシーズン, アルケーガンダム, 13500, 108, 495, 40000, ○, ○, ○, △, 28, 26, 28, 5, ガンダムスローネツヴァイ, ガンダムヴァサーゴ, バンデット, -, 3, 8, 9, -
機動戦士ガンダムOO 2ndシーズン, ガデッサ ヒリング機, 14500, 110, 516, 42900, ○, ○, ○, △, 28, 28, 26, 5, ガラッゾ ブリング機, ガラッサ リヴァイン機, ガデッサ ヒリング機, -, 4, 5, 5, -
機動戦士ガンダムOO 2ndシーズン, ガデッサ リヴァイヴ機, 14500, 110, 519, 43400, ○, ○, ○, △, 28, 28, 27, 5, ガデッサ ヒリング機, ガラッゾ ブリング機, ガラッゾ ヒリング機, リボーンズガンダム, 3, 3, 4, 7
機動戦士ガンダムOO 2ndシーズン, ケルディムガンダム, 14500, 110, 537, 45800, ○, ○, ○, △, 29, 28, 26, 5, ガンダムデュナメス, ガンダムサバーニャ 最終決戦仕様, -, -, 3, 5, -, -
機動戦士ガンダムOO 2ndシーズン, スサノオ, 15000, 112, 561, 49500, ○, ○, ○, △, 31, 29, 34, 5, アヘッド・サキガケ, マスラオ, エルメダ, -, 2, 3, 6, -
機動戦士ガンダムOO 2ndシーズン, セラヴィーガンダム, 15000, 112, 600, 55400, ○, ○, ○, △, 32, 30, 22, 4, ガンダムヴァーチェ, ラファエルガンダム, ガンダム試作2号機, -, 3, 5, 8, -
機動戦士ガンダムOO 2ndシーズン, ダブルオーガンダム, 14500, 110, 573, 51400, ◎, ◎, ○, △, 30, 30, 35, 5, ガンダムエクシア, ダブルオーライザー 最終決戦仕様, -, -, 3, 5, -, -
機動戦士ガンダムOO 2ndシーズン, ダブルオーライザー 最終決戦仕様, 15500, 112, 651, 63700, ◎, ◎, ○, △, 32, 32, 39, 6, ガンダムエクシア, ダブルオーガンダム, ダブルオークアンタ, -, 2, 3, 5, -
機動戦士ガンダムOO 2ndシーズン, マスラオ, 14500, 110, 528, 44900, ○, ○, ○, △, 29, 27, 32, 5, アヘッド・サキガケ, スサノオ, マスターガンダム, -, 3, 5, 8, -
機動戦士ガンダムOO 2ndシーズン, リボーンズガンダム, 15500, 112, 624, 59400, ○, ○, ○, △, 32, 32, 34, 6, アルケーガンダム, ガデッサ リヴァイヴ機, ガデッサ ヒリング機, -, 3, 4, 4, -
劇場版 機動戦士ガンダムOO, ガンダムサバーニャ 最終決戦仕様, 15500, 112, 591, 53900, ○, ○, ○, △, 31, 30, 27, 5, ガンダムデュナメス, ケルディムガンダム, ガンダムX, -, 2, 4, 8, -
劇場版 機動戦士ガンダムOO, ガンダムハルート 最終決戦仕様・MS, 15000, 112, 567, 50200, ○, ○, ○, △, 30, 26, 32, 5, ガンダムキュリオス, GNアーチャー, アリオスガンダム, Zガンダム, 2, 3, 4, 8
劇場版 機動戦士ガンダムOO, ダブルオークアンタ, 16500, 114, 687, 69900, ◎, ◎, ○, △, 34, 33, 41, 6, ガンダムエクシア, ダブルオーライザー 最終決戦仕様, ビギニング30ガンダム, -, 2, 4, 10, -
劇場版 機動戦士ガンダムOO, ラファエルガンダム, 11600, 114, 618, 58400, ○, ○, ○, △, 34, 32, 23, 4, ガンダムヴァーチェ, セラヴィーガンダム, ジャスティスガンダム, -, 2, 4, 10, -
機動戦士ガンダムAGE, Gエグゼス, 11700, 104, 399, 28500, ○, ×, ○, △, 22, 22, 24, 4, ジェノアスカスタム, シャルドール, ヴィクトリーガンダム, -, 2, 2, 8, -
機動戦士ガンダムAGE, エルメダ, 9500, 100, 309, 19100, ○, ×, ○, △, 18, 17, 20, 4, ゼノ, シャルドール, ギャン, -, 2, 3, 6, -
機動戦士ガンダムAGE, ガフラン MS, 11900, 104, 420, 30700, ○, ×, ○, △, 23, 23, 23, 4, バクト, ゼダス, -, -, 5, 11, -, -
機動戦士ガンダムAGE, ガラ, 9600, 100, 306, 19000, ○, ×, ○, △, 19, 19, 16, 4, ジラ, シャルドール, ゲイツR, コレン・カプル, 2, 3, 7, 8
機動戦士ガンダムAGE, ガンダムAGE-1 スパロー, 12500, 106, 489, 45000, ◎, ×, ◎, ○, 25, 22, 34, 6, Gエグゼス, ガンダムエクシア, -, -, 3, 8, -, -
機動戦士ガンダムAGE, ガンダムAGE-1 タイタス, 12500, 106, 468, 41000, ○, ×, ○, △, 26, 28, 21, 4, Gエグゼス, ガンダムAGE-1　スパロー, シャイニングガンダム, -, 3, 5, 9, -
機動戦士ガンダムAGE, ガンダムAGE-1 タイタス スパロー換装, 12500, 106, 489, 45000, ○, ×, ○, △, 26, 28, 21, 4, Gエグゼス, ガンダムエクシア, -, -, 3, 8, -, -
機動戦士ガンダムAGE, ガンダムAGE-1 ノーマル, 12500, 106, 456, 37200, ○, ×, ○, △, 25, 25, 25, 4, Gエグゼス, ガンダムAGE-1　タイタス, ガンダム, -, 3, 5, 7, -
機動戦士ガンダムAGE, ガンダムAGE-1 ノーマル スパロー換装, 12500, 106, 489, 45000, ○, ×, ○, △, 25, 25, 25, 4, Gエグゼス, ガンダムエクシア, -, -, 3, 8, -, -
機動戦士ガンダムAGE, ガンダムAGE-1 ノーマル タイタス換装, 12500, 106, 468, 41000, ○, ×, ○, △, 25, 25, 25, 4, Gエグゼス, ガンダムエクシア, -, -, 3, 8, -, -
機動戦士ガンダムAGE, ジェノアス, 9200, 100, 273, 16000, ○, ×, ○, △, 16, 16, 15, 4, ジェノアスカスタム, リーオー, ジム, -, 3, 6, 6, -
機動戦士ガンダムAGE, ジェノアスカスタム, 9400, 100, 294, 17900, ○, ×, ○, △, 17, 16, 19, 4, ジェノアス, Gエグゼス, ガンダムAGE-1　ノーマル, -, 2, 4, 6, -
機動戦士ガンダムAGE, ジラ, 9500, 100, 297, 18100, ○, ×, ○, △, 18, 18, 16, 4, デスペラード, ガラ, シャルドール, -, 2, 4, 4, -
機動戦士ガンダムAGE, ゼダス, 13000, 108, 480, 38100, ◎, ○, ○, △, 27, 26, 30, 5, ガフラン, バクト, ガラッゾ ブリング機, -, 2, 3, 10, -
機動戦士ガンダムAGE, ゼノ, 9400, 100, 300, 18300, ○, ×, ○, △, 17, 17, 19, 4, デスペラード, エルメダ, シャルドール, -, 2, 4, 4, -
機動戦士ガンダムAGE, デスペラード, 8000, 98, 186, 9600, ○, ×, ○, △, 13, 11, 9, 4, ジラ, ゼノ, シャルドール, トールギス, 2, 2, 4, 12
機動戦士ガンダムAGE, パクト MS, 12400, 106, 459, 35700, ○, ×, ○, △, 25, 25, 24, 4, ガフラン, ゼダス, バクゥ, -, 3, 5, 9, -
模型戦士ガンプラビルダーズビギニングG, ビギニング30ガンダム, 14000, 110, 564, 50100, ○, ○, ○, △, 31, 28, 34, 5, ガンダム, スターゲイザー, V2ガンダム, -, 2, 6, 7, -
模型戦士ガンプラビルダーズビギニングG, フォーエバーガンダム, 14500, 110, 582, 52700, ○, ○, ○, △, 30, 30, 30, 5, ガンダム, フリーダムガンダム, νガンダム, -, 2, 8, 8, -
模型戦士ガンプラビルダーズビギニングG, ベアッガイ, 9500, 100, 288, 17400, △, ×, ○, ◎, 19, 15, 17, 4, アッガイ, シャア専用ズゴック, カプル, キュベレイMk-II ブルツー機, 3, 5, 6, 12
GAME系, バルバトス・ミラージュ, 24500, 130, 876, 107500, ◎, ◎, ◎, ◎, 40, 40, 40, 6, トルネードガンダム, フェニックス・ゼロ, フェニックスガンダム, -, 2, 3, 5, -
GAME系, フェニックス・ゼロ, 12000, 106, 375, 25600, ○, ○, ○, △, 20, 19, 20, 5, ガンダムAGE-1 ノーマル, シャイニングガンダム, ウイングガンダム, フェニックスガンダム, 4, 5, 5, 15
GAME系, フェニックスガンダム, 12800, 106, 477, 38000, ○, ○, ○, △, 27, 26, 27, 6, ∀ガンダム, ガンダムX, フリーダムガンダム, ユニコーンガンダム, 4, 4, 5, 5
EXTRA, Hi-νガンダム, 14500, 110, 588, 53400, ○, ×, ○, △, 32, 29, 32, 4, νガンダム, フォーエバーガンダム, ユニコーンガンダム, -, 3, 4, 5, -
EXTRA, トルネードガンダム, 9500, 100, 297, 18000, ○, ○, ○, △, 18, 17, 18, 4, ガンダム, ガンダムエクシア, ヴィクトリーガンダム, フェニックス・ゼロ, 3, 5, 5, 6
EXTRA, ナイチンゲール, 16000, 114, 585, 52900, ○, ○, ○, △, 31, 31, 30, 4, サザビー, シナンジュ, アヘッド・スマルトロン, α・アジール, 3, 4, 8, 11
